url,state,
https://www.usharbors.com/harbor/alabama/mobile-state-docks-al/,alabama,
https://www.usharbors.com/harbor/alabama/bon-secour-bon-secour-river-al/,alabama,
https://www.usharbors.com/harbor/alabama/lower-hall-landing-tensaw-river-al/,alabama,
https://www.usharbors.com/harbor/alabama/great-point-clear-al/,alabama,
https://www.usharbors.com/harbor/alabama/bayou-la-batre-al/,alabama,
https://www.usharbors.com/harbor/alabama/dauphin-island-al/,alabama,
https://www.usharbors.com/harbor/alabama/fort-morgan-al/,alabama,
,,
,,
,,
,,
,,
,,
,,
,,
,,
,,
,,
,,
,,
,,
,,
,,
,,
,,
,,
,,
,,
,,
,,
,,
,,
,,
,,
,,
,,
,,
,,
,,
,,
,,
,,